{"Overall": {"emotion": {"Angry": 0.0088678272, "Happy": 0.5587761598, "Sad": 0.0455915241, "Excited": 0.2035121804, "Bored": 0.0036387156, "Fear": 0.1796135929}, "sentiment": {"negative": 0.004, "neutral": 0.01, "positive": 0.986}}, "Sentences": {"emotion": [{"Angry": 0.018347712, "Happy": 0.4512687145, "Sad": 0.0520199797, "Excited": 0.1567265139, "Bored": 0.0144584621, "Fear": 0.3071786178}, {"Angry": 0.0396924445, "Happy": 0.4097964847, "Sad": 0.0442859962, "Excited": 0.3547396092, "Bored": 0.0174368327, "Fear": 0.1340486328}], "sentiment": [{"negative": 0.01, "neutral": 0.047, "positive": 0.943}, {"negative": 0.063, "neutral": 0.028, "positive": 0.909}]}, "Source Text": "I'm getting married today. This will be the best day of my entire life and I can't wait to see what else is yet to come."}