{
  "emotion": {
    "Angry": 0.066552529,
    "Happy": 0.0936079765,
    "Sad": 0.3236562974,
    "Excited": 0.0913498588,
    "Bored": 0.0258678146,
    "Fear": 0.3989655238
  },
  "sentiment": {
    "negative": 0.448,
    "neutral": 0.292,
    "positive": 0.261
  }
}
